frame	source
001.png	Screenshot iPhone 17 Pro 09-21-2026 at 01.13.53.png
002.png	Screenshot iPhone 17 Pro 09-21-2026 at 01.14.00.png
003.png	Screenshot iPhone 17 Pro 09-21-2026 at 01.14.08.png
004.png	Screenshot iPhone 17 Pro 09-21-2026 at 01.14.12.png
005.png	Screenshot iPhone 17 Pro 09-21-2026 at 01.14.19.png
006.png	Screenshot iPhone 17 Pro 09-21-2026 at 01.14.35.png
007.png	Screenshot iPhone 17 Pro 09-21-2026 at 01.14.44.png
008.png	Screenshot iPhone 17 Pro 09-21-2026 at 01.14.53.png
009.png	Screenshot iPhone 17 Pro 09-21-2026 at 01.15.03.png
010.png	Screenshot iPhone 17 Pro 09-21-2026 at 01.15.10.png
011.png	Screenshot iPhone 17 Pro 09-21-2026 at 01.15.13.png
012.png	Screenshot iPhone 17 Pro 09-21-2026 at 01.15.18.png
013.png	Screenshot iPhone 17 Pro 09-21-2026 at 01.15.22.png
014.png	Screenshot iPhone 17 Pro 09-21-2026 at 01.15.28.png
015.png	Screenshot iPhone 17 Pro 09-21-2026 at 01.16.30.png
016.png	Screenshot iPhone 17 Pro 09-21-2026 at 01.16.37.png
017.png	Screenshot iPhone 17 Pro 09-21-2026 at 01.16.41.png
018.png	Screenshot iPhone 17 Pro 09-21-2026 at 01.16.45.png
019.png	Screenshot iPhone 17 Pro 09-21-2026 at 01.16.51.png
020.png	Screenshot iPhone 17 Pro 09-21-2026 at 01.16.56.png
021.png	Screenshot iPhone 17 Pro 09-21-2026 at 01.17.02.png
022.png	Screenshot iPhone 17 Pro 09-21-2026 at 01.17.12.png
023.png	Screenshot iPhone 17 Pro 09-21-2026 at 01.17.37.png
024.png	Screenshot iPhone 17 Pro 09-21-2026 at 01.17.43.png
025.png	Screenshot iPhone 17 Pro 09-21-2026 at 01.17.55.png
026.png	Screenshot iPhone 17 Pro 09-21-2026 at 01.18.31.png
027.png	Screenshot iPhone 17 Pro 09-21-2026 at 01.18.42.png
028.png	Screenshot iPhone 17 Pro 09-21-2026 at 01.18.47.png
029.png	Screenshot iPhone 17 Pro 09-21-2026 at 01.18.50.png
030.png	Screenshot iPhone 17 Pro 09-21-2026 at 01.18.53.png
031.png	Screenshot iPhone 17 Pro 09-21-2026 at 01.19.32.png
032.png	Screenshot iPhone 17 Pro 09-21-2026 at 01.19.42.png
033.png	Screenshot iPhone 17 Pro 09-21-2026 at 01.19.46.png
034.png	Screenshot iPhone 17 Pro 09-21-2026 at 01.19.49.png
035.png	Screenshot iPhone 17 Pro 09-21-2026 at 01.19.53.png
036.png	Screenshot iPhone 17 Pro 09-21-2026 at 01.19.58.png
037.png	Screenshot iPhone 17 Pro 09-21-2026 at 01.20.01.png
038.png	Screenshot iPhone 17 Pro 09-21-2026 at 01.20.03.png
039.png	Screenshot iPhone 17 Pro 09-21-2026 at 01.20.07.png
040.png	Screenshot iPhone 17 Pro 09-21-2026 at 01.20.12.png
041.png	Screenshot iPhone 17 Pro 09-21-2026 at 01.20.15.png
042.png	Screenshot iPhone 17 Pro 09-21-2026 at 01.20.18.png
043.png	Screenshot iPhone 17 Pro 09-21-2026 at 01.20.21.png
044.png	Screenshot iPhone 17 Pro 09-21-2026 at 01.20.27.png
045.png	Screenshot iPhone 17 Pro 09-21-2026 at 01.20.34.png
046.png	Screenshot iPhone 17 Pro 09-21-2026 at 01.20.44.png
047.png	Screenshot iPhone 17 Pro 09-21-2026 at 01.20.48.png
048.png	Screenshot iPhone 17 Pro 09-21-2026 at 01.20.58.png
049.png	Screenshot iPhone 17 Pro 09-21-2026 at 01.22.20.png
050.png	Screenshot iPhone 17 Pro 09-21-2026 at 01.22.29.png
051.png	Screenshot iPhone 17 Pro 09-21-2026 at 01.22.49.png
052.png	Screenshot iPhone 17 Pro 09-21-2026 at 01.22.54.png
053.png	Screenshot iPhone 17 Pro 09-21-2026 at 01.22.59.png
054.png	Screenshot iPhone 17 Pro 09-21-2026 at 01.23.05.png
055.png	Screenshot iPhone 17 Pro 09-21-2026 at 01.23.08.png
056.png	Screenshot iPhone 17 Pro 09-21-2026 at 01.23.12.png
057.png	Screenshot iPhone 17 Pro 09-21-2026 at 01.23.18.png
058.png	Screenshot iPhone 17 Pro 09-21-2026 at 01.23.21.png
059.png	Screenshot iPhone 17 Pro 09-21-2026 at 01.23.27.png
060.png	Screenshot iPhone 17 Pro 09-21-2026 at 01.23.31.png
061.png	Screenshot iPhone 17 Pro 09-21-2026 at 01.23.34.png
062.png	Screenshot iPhone 17 Pro 09-21-2026 at 01.23.38.png
063.png	Screenshot iPhone 17 Pro 09-21-2026 at 01.23.48.png
064.png	Screenshot iPhone 17 Pro 09-21-2026 at 01.23.52.png
065.png	Screenshot iPhone 17 Pro 09-21-2026 at 01.24.04.png
066.png	Screenshot iPhone 17 Pro 09-21-2026 at 01.24.25.png
067.png	Screenshot iPhone 17 Pro 09-21-2026 at 01.24.29.png
068.png	Screenshot iPhone 17 Pro 09-21-2026 at 01.24.32.png
069.png	Screenshot iPhone 17 Pro 09-21-2026 at 01.24.35.png
070.png	Screenshot iPhone 17 Pro 09-21-2026 at 01.24.37.png
071.png	Screenshot iPhone 17 Pro 09-21-2026 at 01.24.40.png
072.png	Screenshot iPhone 17 Pro 09-21-2026 at 01.24.44.png
073.png	Screenshot iPhone 17 Pro 09-21-2026 at 01.24.57.png
074.png	Screenshot iPhone 17 Pro 09-21-2026 at 01.25.01.png
075.png	Screenshot iPhone 17 Pro 09-21-2026 at 01.25.09.png
076.png	Screenshot iPhone 17 Pro 09-21-2026 at 01.25.16.png
077.png	Screenshot iPhone 17 Pro 09-21-2026 at 01.25.21.png
078.png	Screenshot iPhone 17 Pro 09-21-2026 at 01.25.25.png
079.png	Screenshot iPhone 17 Pro 09-21-2026 at 01.25.31.png
080.png	Screenshot iPhone 17 Pro 09-21-2026 at 01.25.36.png
081.png	Screenshot iPhone 17 Pro 09-21-2026 at 01.25.40.png
082.png	Screenshot iPhone 17 Pro 09-21-2026 at 01.25.50.png
083.png	Screenshot iPhone 17 Pro 09-21-2026 at 01.25.57.png
084.png	Screenshot iPhone 17 Pro 09-21-2026 at 01.26.30.png
085.png	Screenshot iPhone 17 Pro 09-21-2026 at 01.26.32.png
086.png	Screenshot iPhone 17 Pro 09-21-2026 at 01.26.39.png
087.png	Screenshot iPhone 17 Pro 09-21-2026 at 01.26.44.png
088.png	Screenshot iPhone 17 Pro 09-21-2026 at 01.26.50.png
089.png	Screenshot iPhone 17 Pro 09-21-2026 at 01.27.04.png
090.png	Screenshot iPhone 17 Pro 09-21-2026 at 01.27.08.png
091.png	Screenshot iPhone 17 Pro 09-21-2026 at 01.27.11.png
092.png	Screenshot iPhone 17 Pro 09-21-2026 at 01.27.15.png
093.png	Screenshot iPhone 17 Pro 09-21-2026 at 01.27.21.png
094.png	Screenshot iPhone 17 Pro 09-21-2026 at 01.27.29.png
095.png	Screenshot iPhone 17 Pro 09-21-2026 at 01.27.31.png
096.png	Screenshot iPhone 17 Pro 09-21-2026 at 01.27.36.png
097.png	Screenshot iPhone 17 Pro 09-21-2026 at 01.27.39.png
098.png	Screenshot iPhone 17 Pro 09-21-2026 at 01.27.57.png
099.png	Screenshot iPhone 17 Pro 09-21-2026 at 01.28.01.png
100.png	Screenshot iPhone 17 Pro 09-21-2026 at 01.28.03.png
101.png	Screenshot iPhone 17 Pro 09-21-2026 at 01.28.07.png
102.png	Screenshot iPhone 17 Pro 09-21-2026 at 01.28.15.png
103.png	Screenshot iPhone 17 Pro 09-21-2026 at 01.28.18.png
104.png	Screenshot iPhone 17 Pro 09-21-2026 at 01.28.20.png
105.png	Screenshot iPhone 17 Pro 09-21-2026 at 01.28.24.png
106.png	Screenshot iPhone 17 Pro 09-21-2026 at 01.28.28.png
107.png	Screenshot iPhone 17 Pro 09-21-2026 at 01.28.32.png
108.png	Screenshot iPhone 17 Pro 09-21-2026 at 01.28.35.png
109.png	Screenshot iPhone 17 Pro 09-21-2026 at 01.28.42.png
110.png	Screenshot iPhone 17 Pro 09-21-2026 at 01.29.03.png
111.png	Screenshot iPhone 17 Pro 09-21-2026 at 01.29.12.png
112.png	Screenshot iPhone 17 Pro 09-21-2026 at 01.29.15.png
113.png	Screenshot iPhone 17 Pro 09-21-2026 at 01.29.21.png
114.png	Screenshot iPhone 17 Pro 09-21-2026 at 01.29.29.png
115.png	Screenshot iPhone 17 Pro 09-21-2026 at 01.30.07.png
116.png	Screenshot iPhone 17 Pro 09-21-2026 at 01.30.12.png
117.png	Screenshot iPhone 17 Pro 09-21-2026 at 01.30.18.png
118.png	Screenshot iPhone 17 Pro 09-21-2026 at 01.53.00.png
119.png	Screenshot iPhone 17 Pro 09-21-2026 at 01.53.31.png
120.png	Screenshot iPhone 17 Pro 09-21-2026 at 01.53.36.png
121.png	Screenshot iPhone 17 Pro 09-21-2026 at 01.53.38.png
122.png	Screenshot iPhone 17 Pro 09-21-2026 at 01.53.49.png
123.png	Screenshot iPhone 17 Pro 09-21-2026 at 01.53.58.png
124.png	Screenshot iPhone 17 Pro 09-21-2026 at 01.54.01.png
125.png	Screenshot iPhone 17 Pro 09-21-2026 at 01.54.04.png
126.png	Screenshot iPhone 17 Pro 09-21-2026 at 01.54.10.png
127.png	Screenshot iPhone 17 Pro 09-21-2026 at 01.54.18.png
128.png	Screenshot iPhone 17 Pro 09-21-2026 at 02.00.54.png
129.png	Screenshot iPhone 17 Pro 09-21-2026 at 02.00.59.png
130.png	Screenshot iPhone 17 Pro 09-21-2026 at 02.01.03.png
